Unnamed: 0,trans_date_trans_time,cc_num,merchant,category,amt,first,last,gender,street,city,state,zip,lat,long,city_pop,job,dob,trans_num,unix_time,merch_lat,merch_long
96668,25/07/2020 06:05,6011100000000000.0,fraud_Pacocha-O'Reilly,grocery_pos,86.39,Valerie,Davis,F,3861 Anderson Ramp Apt. 536,Drakes Branch,VA,23937,36.9688,-78.5615,1970,Energy engineer,02/09/1985,3901d37f039fef0eb5346df909eee891,1374732316,37.76872,-77.816162
38659,05/07/2020 00:48,30560600000000.0,fraud_Bednar Group,misc_net,7.92,Michael,Olson,M,558 Michael Estates,Luray,MO,63453,40.4931,-91.8912,519,Town planner,13/02/1966,a4c4b66303a080c37e05055af4ac3d7a,1372985307,40.750661,-91.184796
100564,26/07/2020 16:24,30407700000000.0,"fraud_Graham, Hegmann and Hammes",food_dining,101.82,Danielle,Evans,F,76752 David Lodge Apt. 064,Breesport,NY,14816,42.1939,-76.7361,520,Psychotherapist,13/10/1991,a8c486b3ee38ddeaeaca0ee30a410db2,1374855842,41.85062,-76.393419
45522,06/07/2020 20:39,4348790000000000.0,"fraud_Denesik, Powlowski and Pouros",home,74.82,John,Nichols,M,862 Anderson Highway,Bryant,WI,54418,45.203,-88.9983,1080,Information systems manager,08/01/1979,f95847b27a2975e02cd9d626c14926c2,1373143162,44.33048,-88.347458
84036,20/07/2020 14:29,30270400000000.0,fraud_Beier-Hyatt,shopping_pos,4.78,Lisa,Lin,F,908 Brooks Brook,Lomax,IL,61454,40.6761,-91.0391,725,Environmental consultant,28/11/1972,eb4a5e117d7da24f0bca6d35aa12e0b3,1374330596,40.721627,-91.677471
163126,17/08/2020 14:07,3540860000000000.0,fraud_Pollich LLC,home,9.53,Nancy,Roach,F,376 Brown Courts,Yellowstone National Park,WY,82190,44.7957,-110.6137,369,Materials engineer,16/11/1941,f5e84a949327c03b6b39fea2ae320ead,1376748467,45.249369,-110.818692
187434,25/08/2020 17:08,38052000000000.0,fraud_Reilly LLC,home,52.84,Anna,Logan,F,3522 Park Wells Suite 528,Cleveland,TX,77327,30.33,-95.0202,34153,Building surveyor,11/09/1995,28273ef3c9cb049cf1c3301e5bc82e1d,1377450536,29.799572,-95.354223
289174,07/10/2020 09:28,4.51283e+18,"fraud_Robel, Cummerata and Prosacco",gas_transport,81.37,Monica,Cohen,F,864 Reynolds Plains,Uledi,PA,15484,39.8936,-79.7856,328,Tree surgeon,25/07/1983,0bc390295164743d788396e2afcdd36b,1381138101,39.104194,-79.799255
408623,29/11/2020 16:24,30407700000000.0,fraud_Ullrich Ltd,kids_pets,21.86,Danielle,Evans,F,76752 David Lodge Apt. 064,Breesport,NY,14816,42.1939,-76.7361,520,Psychotherapist,13/10/1991,bb7bfc3994c40f45b6eff39d81d9e9da,1385742261,42.972823,-76.945819
104979,27/07/2020 19:45,4482430000000000.0,fraud_Kassulke Inc,entertainment,159.56,Leslie,Ford,F,4938 Hatfield Course,Henderson,WV,25106,38.8265,-82.1364,642,Building services engineer,30/08/1946,0d64e6d6b9805a4ba89b242b616b193a,1374954311,38.088334,-81.979019
494738,18/12/2020 16:40,4.86131e+18,fraud_Waters-Cruickshank,health_fitness,52.91,Ashley,Cruz,F,65417 Walsh Radial Suite 691,Saint Amant,LA,70774,30.2385,-90.8435,10076,"Surveyor, rural practice",16/12/1977,fda4b2655227b4b2b664ab3916dcc288,1387384847,29.826605,-90.257813
505465,21/12/2020 00:56,6011110000000000.0,fraud_McGlynn-Heathcote,misc_net,25.22,Rebecca,Erickson,F,594 Berry Lights Apt. 392,Wilmington,NC,28405,34.2651,-77.867,186140,English as a second language teacher,08/02/1983,57a20ecd76efb41d8d867d1e52cbb072,1387587413,33.336616,-77.047686
246967,19/09/2020 15:12,4149640000000.0,fraud_Gleason and Sons,kids_pets,2.76,Samuel,Farrell,M,428 Michael Tunnel Apt. 377,Cleveland,AL,35049,33.9778,-86.5598,3996,Aid worker,14/06/1977,64e444ef0e341562eeb592d10fbcb6e3,1379603542,33.662958,-85.638488
474162,14/12/2020 03:31,4.45773e+18,fraud_Jaskolski-Dibbert,grocery_net,55.53,Stanley,Mayo,M,3433 Jones Branch,Fiddletown,CA,95629,38.5234,-120.6763,832,Immigration officer,19/05/1987,eb5e19dcfec2da661c98f224320c5505,1386991870,38.321202,-121.377851
77687,18/07/2020 16:53,3543590000000000.0,fraud_Monahan-Morar,personal_care,40.35,Margaret,Lam,F,6911 Nicholas Keys Apt. 237,Armagh,PA,15920,40.4603,-79.0097,922,Early years teacher,04/10/1972,b266f6ef8241a7e4da8d5b4a1df07967,1374166419,40.703953,-79.374433
90849,22/07/2020 13:46,343746000000000.0,fraud_Reynolds-Schinner,misc_pos,5.52,Jeffrey,Munoz,M,836 Stephanie Union,Cedar,MI,49621,44.8605,-85.8138,3096,"Social research officer, government",11/10/1975,579a255a274bddffca7656677f7dbd7b,1374500777,44.835147,-86.076701
309685,16/10/2020 22:51,345389000000000.0,fraud_Larson-Moen,entertainment,116.61,Justin,Fowler,M,5569 Phillips Neck Apt. 003,Coffeeville,MS,38922,33.9215,-89.6782,3451,Financial trader,19/05/1984,eb503a7550fbb3c3d66a6eb396311083,1381963864,33.183672,-88.765381
255279,22/09/2020 14:28,372509000000000.0,fraud_Adams-Barrows,health_fitness,29.56,Kristen,Hanson,F,26544 Andrea Glen,Goodrich,MI,48438,42.9147,-83.4845,6951,Learning disability nurse,18/06/1985,8da8f6da27c22c1a024e771ce0dd4b90,1379860100,42.321941,-82.607292
434184,05/12/2020 13:57,3525590000000000.0,fraud_Goldner-Lemke,entertainment,45.37,Scott,Fuller,M,861 Karen Common,Haw River,NC,27258,36.0424,-79.3242,6006,Paramedic,20/07/1984,d8f5598ced6e0fae54b7e35c104db286,1386251865,35.398892,-79.275683
182310,24/08/2020 10:03,4.39097e+18,"fraud_Towne, Greenholt and Koepp",shopping_net,487.01,Kyle,Simmons,M,8149 Harris Divide,Oklahoma City,OK,73134,35.6174,-97.5583,640470,Advertising copywriter,24/06/1966,bb2e3cb55b0f09bd52e49c41dd5f3149,1377338593,35.057464,-97.10559
226808,10/09/2020 12:35,376028000000000.0,"fraud_Langosh, Wintheiser and Hyatt",food_dining,54.0,Aaron,Murray,M,624 Hale Springs Apt. 572,Meadville,MO,64659,39.7795,-93.3014,964,Tourist information centre manager,23/12/1974,4167fb68d10a79b6f7e49c2a91a6b678,1378816501,39.967499,-94.243552
512384,22/12/2020 03:21,4048510000000000.0,"fraud_Streich, Hansen and Veum",gas_transport,78.28,Cheryl,Melton,F,5053 Bell Crescent Apt. 255,Fullerton,NE,68638,41.366,-98.0054,1749,"Surveyor, mining",07/05/1973,bdcb17a0d215ef6582c9cd14f59fa0ae,1387682478,40.426602,-98.581216
541734,28/12/2020 19:30,213157000000000.0,fraud_Mohr-Bayer,shopping_net,1.85,Adam,Santos,M,725 Jo Trace Apt. 102,Glendale,CA,91206,34.1556,-118.2322,172817,Advertising account planner,30/07/1982,728462c4aade3f6e372823bab72eaf00,1388259012,34.589111,-117.320446
331622,26/10/2020 12:32,371226000000000.0,fraud_Hilpert-Conroy,kids_pets,31.73,Stacy,Lambert,F,85430 Julie Trafficway Suite 792,Mulberry Grove,IL,62262,38.9311,-89.2463,1810,Race relations officer,24/12/1974,508fa66869b93d48c28726650a7ae1f5,1382790756,37.944794,-89.995191
50283,08/07/2020 03:08,4900630000000.0,fraud_Bednar Group,misc_net,80.42,Michael,Johnson,M,094 Owens Underpass,Norwalk,CA,90650,33.9056,-118.0818,105549,Firefighter,22/09/1973,94f5684f63d28126517354e43af17493,1373252903,33.863013,-117.562146
433101,05/12/2020 06:23,375975000000000.0,fraud_Corwin-Collins,gas_transport,63.0,Roberta,Mccarthy,F,94431 Matthew Mall Suite 296,Plymouth,CT,6782,41.6611,-73.0449,2376,Herpetologist,06/04/1973,d19793e28ab88099fafc65533fcd8c74,1386224620,41.827713,-74.032362
77870,18/07/2020 18:19,348790000000000.0,"fraud_Pouros, Walker and Spencer",kids_pets,28.65,Megan,Murphy,F,53696 Laura Radial,Holstein,NE,68950,40.4542,-98.6538,331,Telecommunications researcher,19/08/1950,54471d8ed14feb880eda36c4264c3740,1374171586,41.355398,-99.311175
88310,21/07/2020 15:39,213113000000000.0,"fraud_Romaguera, Wehner and Tromp",kids_pets,113.33,Melanie,Jimenez,F,77944 Daniels Valley Suite 921,Camden,NY,13316,43.3392,-75.7543,6460,Building control surveyor,27/09/1959,7b0e168ef75f6003f56a50f6f1ec0881,1374421156,43.270538,-75.306184
134664,07/08/2020 14:29,502013000000.0,"fraud_Pouros, Walker and Spencer",kids_pets,3.94,Sherry,Martinez,F,144 Yu Locks Apt. 754,Garrattsville,NY,13342,42.6315,-75.1866,165,Naval architect,20/09/1945,804a8e274a0f37f0f57e1bf5e4b59bea,1375885770,42.24842,-75.228238
136143,08/08/2020 03:54,4170690000000000.0,fraud_Smitham-Boehm,grocery_net,22.5,Samuel,Frey,M,830 Myers Plaza Apt. 384,Edmond,OK,73034,35.6665,-97.4798,116001,Media buyer,10/05/1993,cbf871614b299163171ce5491c4f8e56,1375934073,36.404988,-96.838398
366189,10/11/2020 06:30,3598220000000000.0,"fraud_Bernier, Volkman and Hoeger",misc_net,226.06,Ashley,Lopez,F,9333 Valentine Point,Bellmore,NY,11710,40.6729,-73.5365,34496,"Librarian, public",21/10/1970,bd6f876411b4b7ddb86e9957e7a54299,1384065057,40.454484,-74.276558
212654,04/09/2020 13:44,3586010000000000.0,fraud_Kozey-Kuhlman,personal_care,92.17,Crystal,Fuller,F,000 Jennifer Mills,Issaquah,WA,98027,47.4974,-122.0107,50489,Osteopath,29/02/1984,802121f7f1212324923357f605e1a7d2,1378302259,47.852845,-122.916819
494189,18/12/2020 13:48,3566090000000000.0,fraud_Botsford Ltd,shopping_pos,2.81,Kristina,Stewart,F,47029 Jimmy Tunnel Apt. 106,Newhall,CA,91321,34.3795,-118.523,34882,Health physicist,25/04/1971,44fc08cb9cd5bc40adf52d67b83b0c93,1387374491,34.905083,-119.247397
354439,05/11/2020 07:01,3538520000000000.0,"fraud_Hayes, Marquardt and Dibbert",misc_net,1238.92,Cassandra,Nunez,F,9572 Austin Forge Suite 612,Clay Center,OH,43408,41.5686,-83.3632,269,Insurance underwriter,15/09/1965,c2dd2a35bcfaceab5d403ab941727bc2,1383634885,42.287908,-84.245067
152728,13/08/2020 17:00,3596220000000000.0,fraud_Rempel Inc,shopping_net,7.14,Sara,Ramirez,F,23843 Scott Island,Birmingham,IA,52535,40.8626,-91.9534,888,Camera operator,25/03/1988,4fac2924c987da35431b6838c825925c,1376413212,40.906123,-91.881678
508119,21/12/2020 13:07,4471570000000.0,"fraud_Conroy, Balistreri and Gorczany",health_fitness,13.66,Dakota,Maldonado,M,369 Cochran Radial,Pelham,NC,27311,36.4899,-79.4736,3402,Insurance underwriter,24/10/1927,cae8911c5bdb32b727af85bfc6466531,1387631257,37.330771,-78.68713
44729,06/07/2020 16:59,30118400000000.0,"fraud_Towne, Greenholt and Koepp",shopping_net,409.23,Jared,Velazquez,M,01479 Murray Circle,Matawan,NJ,7747,40.4109,-74.238,30770,Drilling engineer,29/04/1993,3cf724a38e5400c6e60ae6763d14290b,1373129977,39.689369,-75.043057
167817,18/08/2020 18:06,3561960000000000.0,fraud_Altenwerth-Kilback,home,82.22,Michael,Lee,M,7915 Dawn Roads Apt. 544,Shelter Island,NY,11964,41.064,-72.3366,1858,Clinical biochemist,03/03/1984,103f7bbab12b372ae07b5783cf423dfb,1376849201,41.451441,-71.538928
222786,08/09/2020 12:06,38947700000000.0,"fraud_Welch, Rath and Koepp",entertainment,48.82,Lori,Rodriguez,F,12087 Michael Light,Creola,OH,45622,39.3543,-82.503,321,"Copywriter, advertising",24/06/1979,766c3890891b9b5ac57652bd76c3fe34,1378642005,38.545671,-82.823046
472243,13/12/2020 19:36,4451440000000000.0,"fraud_Johnson, Runolfsdottir and Mayer",misc_net,224.85,Cheryl,Morgan,F,7535 Amanda Manors Suite 293,Norman,AR,71960,34.4596,-93.6743,1383,Manufacturing engineer,11/09/1999,c459b5ab93f552419c91b29fc9fff959,1386963396,33.668478,-93.819624
162141,17/08/2020 07:40,4613310000000.0,"fraud_Towne, Greenholt and Koepp",shopping_net,91.43,Jason,Murphy,M,542 Steve Curve Suite 011,Collettsville,NC,28611,35.9946,-81.7266,885,Soil scientist,15/09/1988,2e794e6b44e80fe19e61230ac68a74e7,1376725255,35.072145,-81.646382
404961,27/11/2020 21:52,4.75604e+18,fraud_Kirlin and Sons,personal_care,33.33,Francisco,Hernandez,M,980 Smith Gardens,Gainesville,TX,76240,33.6547,-97.1583,26120,"Engineer, manufacturing",06/01/1954,c11bc0e689d536f2c7b2684b258849f3,1385589155,33.680844,-98.094547
60010,12/07/2020 10:47,630469000000.0,fraud_Kuhn LLC,shopping_pos,4.5,Meredith,Ayala,F,7107 Henderson Station,Cascade Locks,OR,97014,45.671,-121.8686,1288,Barrister,01/05/1936,22dfa7036ce4bdf76b67f08f1b67f871,1373626053,46.551821,-121.26397
205782,01/09/2020 08:42,36153900000000.0,"fraud_Little, Gutmann and Lynch",shopping_net,23.84,Erik,Stevens,M,84033 Pitts Overpass,Lakeland,FL,33809,28.1762,-81.9591,237282,Plant breeder/geneticist,13/10/1949,05bea42e8a981cfd1b470cde0da3ebfe,1378024930,29.098379,-82.53496
156188,15/08/2020 07:13,4990490000000.0,"fraud_Robel, Cummerata and Prosacco",gas_transport,72.49,Martin,Ford,M,56812 Francis Courts,Corriganville,MD,21524,39.6967,-78.8031,626,Energy engineer,13/12/1960,b16e4c0cf644278b41803731a35e7e4f,1376550836,40.676,-77.98675
109077,28/07/2020 20:32,3566090000000000.0,fraud_Lesch Ltd,shopping_pos,8.73,Kristina,Stewart,F,47029 Jimmy Tunnel Apt. 106,Newhall,CA,91321,34.3795,-118.523,34882,Health physicist,25/04/1971,749ef4b94f7a020b1013ceb509320d73,1375043558,34.609602,-119.443773
263645,26/09/2020 23:19,30290600000000.0,"fraud_Wuckert, Wintheiser and Friesen",home,35.45,John,Clarke,M,27909 Peter Motorway,Cadiz,KY,42211,36.802,-87.8286,13422,Commissioning editor,03/09/1961,e29e878b47000630362be0d53479f185,1380237555,36.735399,-88.724759
90009,22/07/2020 00:42,3577600000000000.0,fraud_Dare-Marvin,entertainment,9.56,David,Rogers,M,265 Mullen Park Apt. 307,Summerfield,NC,27358,36.2245,-79.8901,14075,"Buyer, industrial",22/04/1929,4db327a1814d10b6743d5869e01ea6d0,1374453744,36.619953,-79.573514
59355,12/07/2020 04:52,6554250000000000.0,"fraud_Mosciski, Ziemann and Farrell",shopping_net,22.22,Monique,Robinson,F,07712 Marcus Divide Apt. 831,Laguna Hills,CA,92637,33.615,-117.7114,45303,Sales executive,22/12/1969,81b83e1a8d08af037fb68ba89470b26c,1373604779,33.286275,-118.22246
552203,30/12/2020 23:13,374930000000000.0,fraud_Conroy Ltd,shopping_pos,7.27,Daniel,Escobar,M,61390 Hayes Port,Romulus,MI,48174,42.2203,-83.3583,31515,Police officer,05/11/1971,d03905ed9330d4f6618bbbff33b33f59,1388445196,41.479637,-82.746911
248545,20/09/2020 08:00,3547570000000000.0,fraud_Kuhic Inc,grocery_pos,88.05,Jacob,Patel,M,54822 Hill Forks,Dieterich,IL,62424,39.0319,-88.4074,2092,"Psychologist, clinical",30/04/1962,1b5f7f499ccb15ba725039ab7bc5c036,1379664058,38.97225,-87.985708
545229,29/12/2020 10:21,630471000000.0,"fraud_Heathcote, Yost and Kertzmann",shopping_net,100.67,George,Floyd,M,22502 Baker Mount Suite 241,Hazel,KY,42049,36.5422,-88.3319,1480,"Designer, interior/spatial",14/09/1974,fd964150d5f1f16c9f9e693b7a3cff14,1388312505,35.5674,-89.301773
471442,13/12/2020 16:45,213112000000000.0,fraud_Lemke-Gutmann,shopping_net,6.54,Ana,Howell,F,4664 Sanchez Common Suite 930,Bradley,SC,29819,34.0326,-82.2027,1523,Research scientist (physical sciences),03/06/1984,559528905774524020965e6edd6caf76,1386953111,34.354573,-81.937095
231961,13/09/2020 02:48,60495593109.0,"fraud_Bernhard, Grant and Langworth",shopping_pos,4.94,Randall,Dillon,M,4440 George Mills Suite 591,Dallas,TX,75210,32.7699,-96.743,1263321,Television camera operator,24/11/1942,21d35918f27ed73a521d34479537422c,1379040493,32.688738,-96.537617
312117,18/10/2020 05:33,4671730000000000.0,"fraud_Olson, Becker and Koch",gas_transport,73.48,Kenneth,Edwards,M,3653 Ryan Crossroad,Andrews,IN,46702,40.8618,-85.6067,2304,Retail banker,25/07/1955,72b49107c5febd9fc98d9b3702cc3041,1382074384,41.136418,-86.552486
126335,04/08/2020 04:40,4266200000000000.0,fraud_Wolf Inc,grocery_pos,153.44,Joshua,Bryant,M,5452 Patricia Inlet Apt. 280,Nelson,NE,68961,40.201,-98.0684,732,Television/film/video producer,13/12/1956,bd6cb82e68e37725302fc76641d3eaab,1375591217,40.294288,-98.600505
363051,09/11/2020 08:38,30570200000000.0,fraud_Cummerata-Hilpert,entertainment,3.29,Vincent,Cain,M,64851 Cole Turnpike,Hartford,AL,36344,31.086,-85.7192,5732,Jewellery designer,07/12/1945,4b73ed4749ff740966ad9fd9f6a39bae,1383986308,30.853832,-86.080282
552416,31/12/2020 00:38,6526450000000000.0,fraud_Pagac LLC,shopping_pos,3.88,Nathan,Stewart,M,63502 Brown Road Apt. 318,West Long Branch,NJ,7764,40.2878,-74.0162,8097,Mechanical engineer,18/02/1964,e7c9caf10bcf44752bf1275cf8213663,1388450308,39.480926,-73.435254
399434,24/11/2020 18:54,343746000000000.0,fraud_Altenwerth-Kilback,home,3.62,Jeffrey,Munoz,M,836 Stephanie Union,Cedar,MI,49621,44.8605,-85.8138,3096,"Social research officer, government",11/10/1975,93daff8807a345eac2a9c8130841a836,1385319265,44.286036,-85.248122
175409,22/08/2020 00:06,30030400000000.0,"fraud_Schultz, Simonis and Little",grocery_pos,95.55,William,Jenkins,M,50614 Kevin Point,Harper,TX,78631,30.2816,-99.241,2395,"Pharmacist, community",17/11/1993,95d2f662c44803dbb86706bf5c55ae41,1377129979,30.776166,-98.25422
294226,10/10/2020 07:38,6011440000000000.0,"fraud_Rowe, Batz and Goodwin",grocery_pos,205.31,Allison,Allen,F,40624 Rebecca Spurs,De Witt,AR,72042,34.2853,-91.3336,5161,Electrical engineer,08/04/1993,a50962c149b87e98b9f6c6ef5456e846,1381390698,33.37641,-92.200182
126204,04/08/2020 03:36,4449530000000000.0,"fraud_Wiza, Schaden and Stark",misc_pos,8.81,Felicia,Mckee,F,84079 Thomas Burgs,Tomales,CA,94971,38.2427,-122.9145,337,Occupational psychologist,05/07/1954,acb67744dd07e70d4a6bd21c28df5bda,1375587374,38.905941,-122.093396
320737,21/10/2020 01:45,4.2554e+18,fraud_Metz-Boehm,shopping_pos,2.78,George,Smith,M,7377 Walton Extensions Apt. 979,Dallas,TX,75236,32.69,-96.9177,1263321,"Designer, interior/spatial",27/09/1952,c997de9582af44a24cb5051175a6f68b,1382319926,32.211832,-97.606999
62048,12/07/2020 23:13,4.58766e+18,fraud_Jakubowski Group,food_dining,6.12,Amber,Lewis,F,6296 John Keys Suite 858,Pembroke Township,IL,60958,41.0646,-87.5917,2135,"Psychotherapist, child",08/05/2004,38e70450231b13ab1d86ac8390fbf345,1373670833,41.360065,-88.116809
202040,31/08/2020 11:00,4822370000000000.0,fraud_Torp-Labadie,gas_transport,58.53,Christopher,Farrell,M,97070 Anderson Land,Haines City,FL,33844,28.0758,-81.5929,33804,Exercise physiologist,01/01/1991,8e8ecbb69872c87278e00e02bca633cd,1377946841,27.202177,-80.972344
419275,01/12/2020 14:14,4509140000000000.0,fraud_Gottlieb Group,kids_pets,112.43,Margaret,Williams,F,165 Jerry Meadows Suite 460,Surrency,GA,31563,31.6489,-82.1982,1324,"Engineer, technical sales",12/07/1926,a3af2567863514db32ddc04f62ba3119,1385907260,31.059851,-82.929037
135194,07/08/2020 19:00,346244000000000.0,fraud_Rau-Grant,kids_pets,214.5,Sean,Miller,M,6340 Jeffrey Dale,Thornville,OH,43076,39.8974,-82.4071,9051,Audiological scientist,08/01/1983,6d365c32b476d49eb13b568926b58703,1375902046,40.861255,-82.812673
177962,23/08/2020 02:57,6511350000000000.0,"fraud_Okuneva, Schneider and Rau",shopping_pos,5.85,Robert,Nguyen,M,74835 Garner Point,Ruth,NV,89319,39.3426,-114.8859,450,Interpreter,24/08/1946,9e7bfe21aeaa98e7f12fdfc5ef1dd3b2,1377226625,39.724737,-114.703971
378711,16/11/2020 04:39,3533800000000000.0,fraud_Pouros-Conroy,shopping_pos,10.12,Amber,Thornton,F,840 Werner Lock Apt. 852,Campbell,NE,68932,40.2967,-98.737,493,"Surveyor, minerals",13/09/1940,537df6c684e3e8ce15a5cd7a5cd16923,1384576799,41.073357,-98.187841
14082,26/06/2020 02:06,2224100000000000.0,fraud_Brown PLC,misc_net,1.06,Sheri,Thomas,F,019 Kimberly Light Apt. 039,Kings Bay,GA,31547,30.7906,-81.5607,1293,Naval architect,11/09/1963,1ca29595331323a8f5bed2a8999b5169,1372212382,30.65384,-81.836636
50429,08/07/2020 05:51,676174000000.0,fraud_Turner and Sons,shopping_pos,13.87,Brittany,Cox,F,07177 William Dale Apt. 547,Santa Monica,CA,90403,34.0287,-118.4924,92043,"Civil engineer, contracting",25/04/1961,d64e613fb55fe8df0412eedcddba46e0,1373262664,33.055963,-117.710823
262779,26/09/2020 14:24,4642260000000000.0,fraud_Watsica LLC,personal_care,62.68,Sabrina,Johnson,F,320 Nicholson Orchard,Thompson,UT,84540,38.9999,-109.615,46,"Surveyor, minerals",23/04/1987,8ab741ceb24767656c5c64f41acf7107,1380205453,39.698877,-110.239093
268205,28/09/2020 15:04,376445000000000.0,fraud_Monahan-Morar,personal_care,15.26,Rachel,Lowe,F,372 Jeffrey Course,Sutherland,NE,69165,41.1558,-101.136,1789,Insurance broker,11/02/1982,fcf682c873eaecbc205dd34f340c998b,1380380651,41.475984,-101.750305
210536,03/09/2020 09:39,30267000000000.0,fraud_Goodwin-Nitzsche,grocery_pos,98.58,Sarah,Foster,F,77872 Andrea Glen Apt. 543,Ford,VA,23850,37.1349,-77.7364,1051,Chief Operating Officer,21/11/1976,0d4e9ca4ab7f2d1f68990f3c9990873f,1378201189,37.952784,-77.065597
500455,20/12/2020 03:23,5501080000000000.0,fraud_Will Ltd,food_dining,106.82,Wayne,Payne,M,587 Bradley Inlet Suite 281,Cuyahoga Falls,OH,44223,41.1464,-81.5107,47772,Equities trader,04/01/1966,cefeb9befd8d098839baf68be5ed474a,1387509830,41.450547,-80.97782
51098,08/07/2020 15:36,3598010000000000.0,fraud_Jast-McDermott,shopping_pos,19.46,Lisa,Clark,F,07943 Davis River,Grimesland,NC,27837,35.558,-77.2566,5903,Manufacturing systems engineer,07/10/1993,f9bdfafb321a6e42c706a9206c7c2700,1373297775,35.855445,-78.073197
151698,13/08/2020 04:58,2291160000000000.0,fraud_Howe Ltd,misc_pos,5.4,Jeff,Elliott,M,351 Darlene Green,Columbia,SC,29209,33.9659,-80.9355,333497,Mechanical engineer,19/03/1968,71f90bd398942bacfbb8a152c9bc637a,1376369897,34.930407,-80.78876
250754,21/09/2020 02:20,3506040000000000.0,fraud_Goodwin-Nitzsche,grocery_pos,131.19,Christine,Burns,F,343 Hannah Parkway,Comfort,WV,25049,38.1372,-81.5962,630,Fine artist,30/07/1959,e39797de5c244d07cc3491a06b988ccf,1379730011,37.794184,-81.335951
78317,18/07/2020 22:03,503874000000.0,fraud_Kozey-Kuhlman,personal_care,19.17,Andrew,Mcgee,M,4130 Tiffany Glen Apt. 562,San Antonio,TX,78248,29.5894,-98.5201,1595797,Exhibition designer,28/12/1975,c0a03bc7ea488e4a6bc4f642e780dd84,1374185037,29.437877,-98.912648
76136,17/07/2020 23:00,370877000000000.0,fraud_Larkin Ltd,kids_pets,41.27,Sarah,Clark,F,25961 Beverly Union Apt. 042,North Wilkesboro,NC,28659,36.2017,-81.1286,21134,Dispensing optician,06/03/1984,0c0a179b5896bc8bc81fa80e1c7f91bb,1374102027,36.741836,-81.344471
2022,21/06/2020 23:58,3577580000000000.0,fraud_Hirthe-Beier,health_fitness,118.65,Debbie,Hughes,F,0182 Owens Burgs Suite 480,Diamond,OH,44412,41.0935,-81.0425,2644,"Engineer, biomedical",25/08/1983,69a357d51e37f356f01e33a7c3c2a009,1371859098,40.749333,-81.865834
505472,21/12/2020 00:58,38199000000000.0,fraud_Bradtke PLC,grocery_pos,102.02,Jesse,Roberts,M,8415 Vaughn Squares Apt. 788,Acworth,NH,3601,43.196,-72.3001,477,Naval architect,15/04/1988,5b6ce83ada12fbe9dc4f697b001d9eb5,1387587528,43.448278,-72.587729
129436,04/08/2020 23:11,6538440000000000.0,fraud_Metz-Boehm,shopping_pos,109.54,Gina,Grimes,F,444 Robert Mews,Clarks Mills,PA,16114,41.3851,-80.1752,606,Energy manager,22/09/1997,cf9a8800acb3a1b9d40500ef89f5ca9b,1375657897,41.756972,-81.027076
549246,29/12/2020 23:46,2720430000000000.0,fraud_Champlin-Casper,home,7.68,Mark,Wood,M,854 Walker Dale Suite 488,Bowdoin,ME,4287,44.0575,-69.9656,3224,"Engineer, electronics",22/08/1997,55c95ad8a504ee1619a236397492d6b3,1388360767,44.841431,-70.605218
57970,11/07/2020 16:54,4.90663e+18,fraud_Windler LLC,kids_pets,61.44,Charles,Moreno,M,838 Franklin Prairie Apt. 902,Key West,FL,33040,24.6557,-81.3824,32891,Town planner,13/02/1987,cc3584fa77c45c534d1a8c16e6ea54b1,1373561685,23.808677,-81.220592
361032,08/11/2020 16:25,6011690000000000.0,fraud_Waters-Cruickshank,health_fitness,2.19,Victoria,Fleming,F,2807 Parker Station Suite 080,Stanchfield,MN,55080,45.6675,-93.2433,2607,"Lecturer, further education",04/12/1995,152aa56ff235b744790249ebd3ec6f23,1383927914,46.013962,-92.57132
64770,13/07/2020 16:59,4026220000000.0,fraud_Schaefer Ltd,kids_pets,30.61,Debbie,Payne,F,204 Ashley Neck Apt. 169,Preston,CT,6365,41.5224,-71.9934,4720,Broadcast presenter,18/05/1977,38cb8a36f348927222977b1538eb6baa,1373734741,40.712916,-72.815238
240823,15/09/2020 23:35,3533740000000000.0,fraud_Jast Ltd,shopping_net,330.94,Robert,Haynes,M,857 Aaron Circles Suite 398,Johns Island,SC,29455,32.8357,-79.8217,20478,Materials engineer,04/06/1997,18f0255986a8dfe10e766bfa8218de67,1379288156,33.414452,-79.40914
487286,16/12/2020 13:24,2229820000000000.0,fraud_Parker-Kunde,personal_care,1.97,Walter,Blair,M,44951 Williams Brooks,Pearlington,MS,39572,30.2508,-89.6011,1414,"Therapist, occupational",17/02/1958,7ce9c89601f8f561aa7f9e26db02ddf7,1387200263,30.872666,-90.309037
370136,11/11/2020 23:10,346273000000000.0,"fraud_Moore, Williamson and Emmerich",home,166.23,Donna,Moreno,F,32301 Albert River Suite 364,Ronceverte,WV,24970,37.7418,-80.4626,4575,Statistician,22/10/1991,bc0a2ed150299843f73d247b1fea8462,1384211459,38.298693,-81.00764
236047,14/09/2020 13:51,4.31213e+18,"fraud_Walter, Hettinger and Kessler",personal_care,171.46,Julian,Price,M,086 Pierce Cove,Pikesville,MD,21208,39.3764,-76.729,33917,Company secretary,12/06/1977,70396d42aa10ca35e16629a11ca0274f,1379166683,38.464207,-77.650613
106824,28/07/2020 07:32,4642260000000000.0,fraud_Rutherford-Mertz,grocery_pos,100.97,Sabrina,Johnson,F,320 Nicholson Orchard,Thompson,UT,84540,38.9999,-109.615,46,"Surveyor, minerals",23/04/1987,b5d2622e2e5a3145569123e5f6f78dd1,1374996757,39.276989,-109.456337
204331,31/08/2020 22:26,30561200000000.0,fraud_Klocko LLC,misc_net,1.88,Gina,Morrison,F,41851 Victor Drives Suite 219,Allentown,PA,18103,40.5891,-75.4645,166081,"Scientist, research (maths)",01/10/1998,2d9df5dc81771d83a257b3601c392e6d,1377988011,41.466265,-76.41003
457310,10/12/2020 01:21,343473000000000.0,"fraud_Raynor, Reinger and Hagenes",gas_transport,48.25,Gloria,Wallace,F,234 Bridges Wells Apt. 389,Center Tuftonboro,NH,3816,43.6849,-71.2551,1368,"Optician, dispensing",05/08/1971,0422bc736b5218ef865a017c5159fc50,1386638479,43.196562,-70.516686
511618,21/12/2020 23:44,30501600000000.0,fraud_Kutch-Wilderman,home,14.32,Amanda,Smith,F,180 Graves Shore,Scotia,SC,29939,32.6786,-81.2455,302,Magazine features editor,04/05/1973,8b6a4c3d4e004395bfe94a4b635f1f6c,1387669466,32.171981,-80.476717
2348,22/06/2020 02:43,30487600000000.0,"fraud_Zboncak, Rowe and Murazik",shopping_net,30.31,Stephanie,Crane,F,144 Martinez Curve,Central,IN,47110,38.097,-86.1723,350,Counsellor,05/01/1955,7ad708764d30eac8a8dc61fce2b911b8,1371868984,37.71882,-85.669841
499474,19/12/2020 21:51,630452000000.0,fraud_Altenwerth-Kilback,home,23.44,Rachel,Daniels,F,561 Little Plain Apt. 738,Wetmore,MI,49895,46.3535,-86.6345,765,Immunologist,12/06/1972,30fd1c678e98b0a0ceaabc361d454206,1387489904,45.484984,-86.783885
417930,01/12/2020 08:43,6011380000000000.0,fraud_Simonis-Prohaska,misc_pos,59.37,Martin,Duarte,M,6251 Payne Flats Apt. 581,Luzerne,MI,48636,44.6001,-84.2931,864,General practice doctor,04/05/1942,8a25892219e4c07094917e812fa01b91,1385887386,43.851809,-83.379642
459336,10/12/2020 16:31,4079770000000.0,fraud_Kihn-Schuster,food_dining,284.73,Eric,Preston,M,7020 Doyle Stream Apt. 951,Mesa,ID,83643,44.6255,-116.4493,129,Cartographer,15/12/1965,9e74471512bf62eaee9ed3fb36000ca3,1386693069,45.228929,-116.929256
393912,22/11/2020 23:21,4342530000000000.0,"fraud_Effertz, Welch and Schowalter",entertainment,47.54,Kevin,Elliott,M,1852 Vincent Isle Suite 328,Newark Valley,NY,13811,42.2281,-76.1625,4354,Further education lecturer,16/02/1994,c0f052c4db16794a4fb913a99af4a7d7,1385162463,42.017938,-76.296434
354715,05/11/2020 12:14,4.81084e+18,fraud_Swift PLC,kids_pets,60.41,Carolyn,Perez,F,433 Blake Roads Suite 967,Wheaton,MO,64874,36.7651,-94.0492,760,Production manager,31/08/1985,5ec20c1aef7c6cb0a1e713e2c97ed606,1383653640,35.984736,-93.780625
548496,29/12/2020 21:21,4.59974e+18,fraud_Kub-Heaney,health_fitness,3.7,Mary,Myers,F,39787 Pamela Fall Suite 639,Tiptonville,TN,38079,36.3846,-89.4649,5577,Geochemist,30/12/1964,5ef3a42c1df4a5017a0464c92162d61e,1388352115,37.249588,-89.55592
379544,16/11/2020 12:45,3554850000000000.0,"fraud_Roberts, Ryan and Smith",personal_care,27.94,John,Hudson,M,886 Nicole Key,Stillwater,OK,74074,36.1043,-97.0609,55345,Cabin crew,01/05/1948,02c287ee87a45954461e0c8f50bbca9a,1384605955,35.376112,-96.518288
412744,30/11/2020 13:47,4653880000000000.0,"fraud_Roberts, Ryan and Smith",personal_care,2.06,Monica,Tucker,F,302 Christina Islands,Smiths Grove,KY,42171,37.0581,-86.1938,6841,"Therapist, sports",06/06/1999,958a49153b32a923b69583c37f8000e2,1385819223,36.071324,-87.106786
437161,06/12/2020 05:50,343669000000000.0,"fraud_Schoen, Kuphal and Nitzsche",grocery_pos,81.74,Sally,Moore,F,835 Reese Views Suite 884,Hopkins,SC,29061,33.9349,-80.8449,13717,Chiropodist,16/11/1949,2913eee991bce8caca7b6f42b49880ca,1386309000,32.975884,-80.533026
82516,20/07/2020 04:09,180065000000000.0,fraud_Stoltenberg-Beatty,shopping_pos,4.37,Krystal,Gamble,F,47152 Clayton Burg,Manchester,MD,21102,39.6747,-76.8941,11751,Clinical research associate,15/02/1964,1bab7fa9d6a1d067df532cf0b0f1a820,1374293371,39.932533,-76.110281
8061,23/06/2020 14:25,3568740000000000.0,fraud_Lubowitz-Walter,kids_pets,48.31,Thomas,Cross,M,7566 Thompson Creek Apt. 827,Elkhart,IA,50073,41.8114,-93.4855,1195,Trading standards officer,13/03/1974,549f1ce876641e3e91a920127a04b5d2,1371997510,41.223037,-93.9368
293537,09/10/2020 21:52,30238800000000.0,fraud_Wuckert-Goldner,home,50.97,Danielle,Yu,F,5395 Colon Burgs Suite 037,Thrall,TX,76578,30.592,-97.2893,1766,Press sub,02/01/1976,bcec374aee8853e208d49a355fdd78c5,1381355566,30.619978,-96.889947
42099,06/07/2020 00:24,4450830000000000.0,fraud_Sporer Inc,gas_transport,47.09,Donna,Davis,F,6760 Donovan Lakes,Clayton,OK,74536,34.5906,-95.38,1760,Occupational psychologist,20/01/1972,e403c6261d01fcf3fc315153fb3676b3,1373070243,33.689105,-94.972968
501791,20/12/2020 11:06,36722700000000.0,fraud_Mraz-Herzog,gas_transport,92.57,Jessica,Perez,F,8172 Robertson Parkways Suite 072,Superior,AZ,85173,33.2887,-111.0985,2872,Petroleum engineer,28/10/1987,ddf24f9cfb000a900aa823873ea63b4b,1387537581,33.045566,-111.953431
131628,06/08/2020 03:09,501883000000.0,fraud_Kris-Weimann,misc_net,3.23,Melissa,Phillips,F,5069 Scott Pass Apt. 654,Meadville,MS,39653,31.4285,-90.8578,2799,"Therapist, horticultural",21/01/1961,8a51d356ae9c015fd557136d1f359c4b,1375758559,32.233788,-91.64617
512873,22/12/2020 05:48,4.2554e+18,fraud_Lebsack and Sons,misc_net,6.85,George,Smith,M,7377 Walton Extensions Apt. 979,Dallas,TX,75236,32.69,-96.9177,1263321,"Designer, interior/spatial",27/09/1952,4b4542d957791246401b9592d4ec3be2,1387691301,32.056829,-96.150894
163550,17/08/2020 16:13,3531130000000000.0,fraud_Cartwright PLC,kids_pets,74.88,Shelby,Mitchell,F,974 Cindy Stream,Brandon,VT,5733,43.8065,-73.0882,5895,"Scientist, marine",13/07/1975,54bb5ed73eb695849aa137440f2425a5,1376756033,43.176179,-72.562524
203161,31/08/2020 16:47,213157000000000.0,"fraud_Reichert, Rowe and Mraz",shopping_net,7.92,Adam,Santos,M,725 Jo Trace Apt. 102,Glendale,CA,91206,34.1556,-118.2322,172817,Advertising account planner,30/07/1982,4f3ecff06c8247299237d2b1224b4e1a,1377967624,34.533912,-118.594522
30056,30/06/2020 23:59,4.99235e+18,fraud_Romaguera Ltd,health_fitness,4.53,Benjamin,Kim,M,920 Patrick Light,Mc Nabb,IL,61335,41.173,-89.2187,532,Audiological scientist,09/01/1956,ac801c564851bdb78d526fb489027c1b,1372636790,40.978263,-88.725588
222208,08/09/2020 06:37,375849000000000.0,fraud_Vandervort-Funk,grocery_pos,134.19,Dale,Smith,M,25036 Contreras Turnpike Suite 270,Purmela,TX,76566,31.4841,-97.9903,258,Web designer,15/12/1943,a180175d1fc8e1de35f892da1da0b74b,1378622255,31.85274,-98.960979
146066,11/08/2020 03:11,3575790000000000.0,"fraud_Rowe, Batz and Goodwin",grocery_pos,91.23,Lindsay,Wilson,F,7618 Gonzales Mission,Centerview,MO,64019,38.7897,-93.8702,2368,Electronics engineer,17/07/1989,d21dc48083133c94a05795f31ec5347a,1376190686,38.843284,-93.166827
35243,03/07/2020 15:38,3551220000000000.0,fraud_Bins-Howell,personal_care,17.22,Sara,Harris,F,597 Jenny Ford Apt. 543,Tupper Lake,NY,12986,44.232,-74.4905,6120,Chartered loss adjuster,09/10/1976,7260a4a53701744a755968e8a73904b1,1372865892,45.107848,-74.37068
419589,01/12/2020 15:12,676118000000.0,fraud_Goyette-Gerhold,kids_pets,43.83,Katelyn,Wise,F,674 Maureen Summit Apt. 276,Scotts Mills,OR,97375,44.9897,-122.6187,1252,"Engineer, petroleum",06/02/1937,a7fb5e052ed848a576b5d0d762ff6313,1385910728,45.393301,-123.511128
263941,27/09/2020 02:50,4048510000000000.0,fraud_Spinka Inc,grocery_net,54.46,Cheryl,Melton,F,5053 Bell Crescent Apt. 255,Fullerton,NE,68638,41.366,-98.0054,1749,"Surveyor, mining",07/05/1973,5faff99b6a6e609983619549b3b55def,1380250209,40.979761,-98.942213
389384,20/11/2020 22:36,3586010000000000.0,"fraud_Zboncak, Rowe and Murazik",shopping_net,82.59,Crystal,Fuller,F,000 Jennifer Mills,Issaquah,WA,98027,47.4974,-122.0107,50489,Osteopath,29/02/1984,023506ddd6c9e2ff13133e4e21141b14,1384986995,47.348053,-122.545386
34859,03/07/2020 12:01,2266740000000000.0,"fraud_Witting, Beer and Ernser",home,25.84,Carlos,Chung,M,8957 Russell Key,Grant,AL,35747,34.4959,-86.259,5901,Curator,25/07/1972,e3e819dc99b62a570c97de53ca468415,1372852900,33.567017,-86.658574
448987,08/12/2020 04:36,3547570000000000.0,fraud_Bartoletti-Wunsch,gas_transport,80.9,Jacob,Patel,M,54822 Hill Forks,Dieterich,IL,62424,39.0319,-88.4074,2092,"Psychologist, clinical",30/04/1962,17ab71d84510b2eacb07f1a35bc21ce4,1386477396,38.137763,-89.295607
353411,04/11/2020 16:09,30118400000000.0,fraud_Gerhold LLC,home,46.99,Jared,Velazquez,M,01479 Murray Circle,Matawan,NJ,7747,40.4109,-74.238,30770,Drilling engineer,29/04/1993,958031cc570e6ed1a7f8d42c6b042156,1383581366,41.102096,-73.259053
111703,30/07/2020 01:49,377550000000000.0,fraud_Morissette PLC,shopping_pos,8.38,Kevin,Walters,M,87227 Tapia Burgs,Auburn,ME,4210,44.0948,-70.239,23045,Tourist information centre manager,02/09/1958,a482e6dd0048c5c46a8426bf21d3ab0c,1375148963,44.218825,-71.090726
214034,05/09/2020 05:45,6597890000000000.0,fraud_Bailey-Morar,grocery_pos,120.44,Bill,Lane,M,4725 Hurst Curve Apt. 634,Holliday,TX,76366,33.6751,-98.6576,2317,Chief Technology Officer,23/08/1964,a55f1e6589b5227524a5e3d0e4da3970,1378359945,33.90831,-99.169411
72417,16/07/2020 07:59,4.35814e+18,fraud_Rutherford-Mertz,grocery_pos,84.65,Dawn,Stephens,F,91542 Marissa Shores Apt. 053,Oran,IA,50664,42.7012,-92.0762,53,Sports administrator,05/10/1972,fad5b4f3e0003d7a59f5be69eb753ea5,1373961587,42.425426,-92.360708
321159,21/10/2020 09:53,4169760000000000.0,fraud_Ledner-Pfannerstill,gas_transport,55.6,Jamie,Carr,F,55363 Aaron Circle Suite 450,Lawn,PA,17041,40.2236,-76.538,213,Special educational needs teacher,15/02/1972,64ed42d005aec7192181cfc4bab36112,1382349199,39.513597,-76.998282
319888,20/10/2020 19:16,180043000000000.0,"fraud_Effertz, Welch and Schowalter",entertainment,2.21,Charles,Robles,M,3337 Lisa Divide,Saint Petersburg,FL,33710,27.7898,-82.7243,341043,"Engineer, land",28/02/1989,457c34c64dc0417f291780ee5ba0ed24,1382296604,27.224546,-83.325756
51173,08/07/2020 16:24,30551600000000.0,fraud_Dietrich-Fadel,health_fitness,107.38,Morgan,Smith,F,1441 Bradley Place,Grover,NC,28073,35.1836,-81.4552,5621,Toxicologist,14/11/1973,f003e593d9961cd52afcb3c5b960391f,1373300688,35.692312,-82.272412
292311,09/10/2020 07:34,630423000000.0,fraud_Harris Inc,gas_transport,65.44,Stephanie,Gill,F,43039 Riley Greens Suite 393,Orient,WA,99160,48.8878,-118.2105,149,Special educational needs teacher,21/06/1978,830a328e9d427d1140acd4d329b0bda3,1381304082,48.655615,-118.41248
492262,17/12/2020 23:40,4952580000000000.0,fraud_Dare-Gibson,health_fitness,59.0,Patricia,Rodriguez,F,386 Randolph Throughway,Warren,OH,44483,41.2639,-80.8164,75903,Magazine features editor,05/04/1957,c3f7764dd6b9880f0d7e84ec320b432c,1387323650,41.449008,-81.557238
233155,13/09/2020 14:20,3545110000000000.0,fraud_Kihn Inc,shopping_pos,1.5,Keith,Sanders,M,8030 Beck Motorway,Moorhead,MS,38761,33.4783,-90.5142,2870,Chartered public finance accountant,05/03/1999,35c6313148e5c402a630c85623435232,1379082047,33.61112,-89.552986
97203,25/07/2020 12:57,2703190000000000.0,fraud_Ratke and Sons,health_fitness,40.84,Jennifer,Banks,F,561 Perry Cove,Moravian Falls,NC,28654,36.0788,-81.1781,3495,"Psychologist, counselling",09/03/1988,db86a5c74fa427105e88f3601ce44ee5,1374757072,36.625139,-82.098228
138644,09/08/2020 03:50,4476840000000.0,fraud_Wolf Inc,grocery_pos,305.37,Steven,Walters,M,3206 Hall Divide Suite 282,Woodville,AL,35776,34.6689,-86.2296,3395,"Editor, commissioning",21/01/1979,db169215fd91b3ce34cb0bbab4b78059,1376020215,34.639257,-85.256179
20453,28/06/2020 15:01,3583790000000000.0,fraud_Hills-Witting,shopping_net,9.8,Beth,Lambert,F,6447 Johnson Estates Apt. 986,Roosevelt,OK,73564,34.847,-98.9836,551,Amenity horticulturist,27/09/1970,f9294a20b1b152c55b35f8c4b2f00133,1372431663,34.574569,-98.174528
371552,12/11/2020 20:51,4951650000000000.0,fraud_Haley Group,misc_pos,1.53,Kimberly,Miller,F,75533 Tamara Valleys,Logan,IL,62856,37.9943,-88.9417,324,"Scientist, research (physical sciences)",15/06/1976,9d545e9d9e3ec82447537f35e06e112a,1384289516,37.926278,-89.091184
241639,16/09/2020 14:23,374498000000000.0,fraud_Dare-Gibson,health_fitness,11.89,Linda,Hurst,F,31701 Tucker Square Suite 893,Wilton,ND,58579,47.1709,-100.7944,1190,"Designer, ceramics/pottery",30/06/1948,1287a6336a0b6f934d6d10d5ac40f04e,1379341388,46.491922,-99.814323
395705,23/11/2020 14:57,4839040000000000.0,fraud_Hamill-Daugherty,misc_net,39.24,Meredith,Campbell,F,043 Hanson Turnpike,Hedrick,IA,52563,41.1826,-92.3097,1583,Geochemist,28/06/1999,fc34bb335c7c22a7db7f6d166297646f,1385218675,41.467008,-92.884283
353334,04/11/2020 15:13,30143700000000.0,fraud_Breitenberg-Hermiston,kids_pets,67.46,Nicholas,Thornton,M,5270 Megan Burg Suite 756,Halma,MN,56729,48.6669,-96.5969,140,"Embryologist, clinical",06/01/1942,607a61aac11e1d0a3db934c79b7812eb,1383577999,49.327238,-96.235739
278928,03/10/2020 15:49,4149240000000000.0,"fraud_Dare, Casper and Bartoletti",kids_pets,48.11,Tanner,Carroll,M,494 Burke Ports,Cokeburg,PA,15324,40.1008,-80.0652,632,Dealer,08/04/1989,6fb4434ad5f060eef47d8c52bd602520,1380815354,39.196442,-79.92537
325236,23/10/2020 18:38,4452370000000000.0,"fraud_Swaniawski, Nitzsche and Welch",health_fitness,20.65,Linda,Davis,F,6602 Ortiz Pine Apt. 179,Blooming Grove,TX,76626,32.0758,-96.701,1563,Financial adviser,04/03/1978,df85875ba685f02ef58cfdd1ce552cda,1382553487,32.716092,-96.534161
85205,20/07/2020 19:50,5540640000000000.0,fraud_Prosacco LLC,personal_care,69.81,Kenneth,Foster,M,329 Michael Extension,Lawrence,MA,1843,42.6911,-71.1605,76383,Geoscientist,04/04/1985,4a722e009fd18ff76fe3d2e7f1f43cb3,1374349840,42.543738,-71.357404
493463,18/12/2020 08:52,30546500000000.0,fraud_Morissette LLC,entertainment,6.3,Nicholas,Tran,M,672 Randall Burg Suite 551,Belmont,NH,3220,43.4512,-71.489,7430,"Scientist, research (medical)",13/01/1955,b30150e2f6f956baae5f268915cbeb2f,1387356730,44.099934,-71.337092
44626,06/07/2020 16:30,3595110000000000.0,"fraud_Hoppe, Harris and Bednar",entertainment,111.25,Jeffery,Sanders,M,5278 Sarah Station Apt. 009,Cardwell,MO,63829,36.0434,-90.2907,1120,Television floor manager,17/04/1957,7517b0f05f23788fae00941c28b05f81,1373128222,36.567432,-90.486686
101439,26/07/2020 21:28,2348250000000000.0,fraud_Crooks and Sons,personal_care,105.7,Justin,Gay,M,268 Hayes Rue Suite 811,Harborcreek,PA,16421,42.1767,-79.9416,2518,Event organiser,02/02/1946,335140add292662ea3c57ccd76adce11,1374874124,42.528572,-79.32793
128989,04/08/2020 21:02,30442400000000.0,"fraud_Mueller, Gerhold and Mueller",health_fitness,48.42,Linda,Sanchez,F,6574 William Hill Apt. 375,Jermyn,PA,18433,41.5744,-75.5881,6508,Training and development officer,22/06/1981,b2fd1f5e531b6ffba72c292aa2273c04,1375650135,42.037295,-75.551603
491465,17/12/2020 19:11,30371000000000.0,fraud_Kihn-Fritsch,food_dining,21.71,Robert,James,M,92021 Miranda Meadows,Tamaroa,IL,62888,38.138,-89.2231,2135,"Development worker, community",31/01/1961,d98bc44bbb432397e4ea2ada7ddf623b,1387307488,38.573198,-89.700211
530445,26/12/2020 18:24,347073000000000.0,fraud_Jakubowski Inc,home,85.55,Ryan,Johnson,M,40178 Lisa Mission,Alva,WY,82711,44.6873,-104.4414,110,"Administrator, local government",16/05/1973,11dadd1dfbc5871b55e42c9a9fd2c33a,1388082292,43.860571,-105.188284
524465,25/12/2020 03:24,180011000000000.0,fraud_Goodwin-Nitzsche,grocery_pos,93.5,Craig,Dunn,M,721 Jacqueline Brooks,New Boston,IL,61272,41.2153,-90.9879,1504,Manufacturing engineer,05/10/1993,125ed845a1a1b643aad070bbbe8a1ebe,1387941860,40.587571,-90.777709
379726,16/11/2020 13:46,4266200000000000.0,fraud_Goyette-Gerhold,kids_pets,168.0,Joshua,Bryant,M,5452 Patricia Inlet Apt. 280,Nelson,NE,68961,40.201,-98.0684,732,Television/film/video producer,13/12/1956,d4da75ec39208cd338e563d78add24f2,1384609591,39.270579,-97.821933
72232,16/07/2020 05:12,2248740000000000.0,fraud_Kassulke PLC,shopping_net,6.02,Jacob,Weber,M,29156 Mark Park Apt. 108,Utica,KS,67584,38.6411,-100.138,269,Product/process development scientist,11/11/1962,b9efa8d498c7bf915f7617048d690478,1373951574,39.056985,-99.566993
262060,26/09/2020 04:04,2318060000000000.0,fraud_Dickinson Ltd,misc_pos,82.36,William,Martinez,M,0207 Griffith Plains Apt. 544,Louisiana,MO,63353,39.4336,-91.0664,4593,"Teacher, early years/pre",11/11/1940,211843b06f5593bc220abb2c5166fbd8,1380168257,40.283782,-90.513546
210033,03/09/2020 00:35,180065000000000.0,fraud_Ruecker Group,misc_net,11.4,Krystal,Gamble,F,47152 Clayton Burg,Manchester,MD,21102,39.6747,-76.8941,11751,Clinical research associate,15/02/1964,d612066186e422d36b860256350fb886,1378168535,39.072693,-75.98672
445863,07/12/2020 17:27,3553630000000000.0,fraud_Turcotte-Halvorson,misc_pos,45.06,Sharon,Johnson,F,7202 Jeffrey Mills,Conway,WA,98238,48.34,-122.3456,85,"Research officer, political party",01/09/1984,a218b84e5cce811e1a6381c244826313,1386437241,49.006419,-123.210229
411397,30/11/2020 08:23,3597340000000000.0,fraud_Fisher-Schowalter,shopping_net,23.7,Linda,Gonzalez,F,17667 Price Spur Apt. 366,Glen Rock,PA,17327,39.7813,-76.7477,7565,Insurance claims handler,08/03/1952,872537ac6dd3c7f6520fac5f3647abbd,1385799822,38.8687,-77.656752
21811,28/06/2020 22:41,213191000000000.0,fraud_Bernier and Sons,kids_pets,27.83,Thomas,Sullivan,M,464 Newman Crossroad,Milwaukee,WI,53228,42.9676,-88.0434,817312,"Accountant, chartered public finance",18/03/2004,32471e2bea900e3b82f5317a01cc6550,1372459283,43.615379,-87.916843
399612,24/11/2020 20:19,6011440000000000.0,fraud_O'Connell-Ullrich,home,28.33,Allison,Allen,F,40624 Rebecca Spurs,De Witt,AR,72042,34.2853,-91.3336,5161,Electrical engineer,08/04/1993,32ff00fdb1b988af801e11acde191f7b,1385324340,34.677133,-91.873529
151432,13/08/2020 01:03,4570640000000000.0,fraud_Conroy-Cruickshank,gas_transport,65.08,Christine,Leblanc,F,5097 Jodi Vista Suite 811,Deltona,FL,32725,28.8989,-81.2473,88735,Commercial horticulturist,09/04/1988,fbff0b36906aa3a26df8019f61910ff4,1376355797,28.375212,-80.906856
231261,12/09/2020 19:02,180069000000000.0,fraud_Breitenberg-Hermiston,kids_pets,107.4,William,Hunter,M,5036 Victoria Ports Suite 249,Emporium,PA,15834,41.5177,-78.2536,4533,Public affairs consultant,01/11/1969,66d2c9541b295dbabcdaa2d1d2bb5d4d,1379012552,42.16145,-77.94805
553095,31/12/2020 07:06,30290600000000.0,"fraud_Armstrong, Walter and Gottlieb",food_dining,40.68,John,Clarke,M,27909 Peter Motorway,Cadiz,KY,42211,36.802,-87.8286,13422,Commissioning editor,03/09/1961,bf7b05a804da89ae27345a8844268081,1388473569,35.9473,-87.044052
100133,26/07/2020 13:53,4809700000000.0,"fraud_Haley, Batz and Auer",health_fitness,44.98,Sabrina,Nolan,F,312 Eric Expressway Apt. 014,Phenix City,AL,36869,32.4204,-85.0796,59744,Chemical engineer,07/02/1984,b8193237d117b1367d6897d7eaffabb8,1374846784,31.660588,-85.511617
429069,04/12/2020 03:28,2222000000000000.0,fraud_Deckow-O'Conner,grocery_pos,96.01,Susan,Hernandez,F,2193 Osborne Run Apt. 789,Moro,IL,62067,38.9318,-89.9618,2401,"Buyer, industrial",03/01/1972,62d3b01c8ba0fa93a39d4485f7abb533,1386127697,39.031085,-89.361048
99462,26/07/2020 08:50,2657850000000000.0,"fraud_Hoppe, Harris and Bednar",entertainment,2.45,Alan,Howard,M,04139 Johnson Prairie Suite 401,Detroit,MI,48206,42.3749,-83.1087,673342,Trading standards officer,01/11/1946,1b4bf3cad61fcbef6cb869500f4cdc13,1374828609,42.119599,-83.890308
24758,29/06/2020 17:11,3533740000000000.0,fraud_Friesen Ltd,health_fitness,17.73,Robert,Haynes,M,857 Aaron Circles Suite 398,Johns Island,SC,29455,32.8357,-79.8217,20478,Materials engineer,04/06/1997,ff42c4ad6ef89f1d8ccfe75fc4b7e6b6,1372525898,33.125556,-79.912231
12857,25/06/2020 13:18,4.85549e+18,fraud_Dare-Marvin,entertainment,82.75,Jeremy,Roberson,M,25887 Martin Inlet,Graniteville,VT,5654,44.1554,-72.4847,970,Agricultural consultant,29/09/1993,4d965b9860c16122a174ae439e25fc27,1372166332,43.391296,-72.925988
291441,08/10/2020 19:14,4260130000000.0,fraud_Lind-Buckridge,entertainment,60.1,Whitney,Gallagher,F,0374 Courtney Islands Apt. 400,Deane,KY,41812,37.2409,-82.7696,230,"Conservation officer, historic buildings",04/08/1997,487e2355c628ad0388c77a5f7d3f6fc8,1381259689,37.553484,-82.766758
145025,10/08/2020 20:57,30093000000000.0,fraud_Schuppe-Schuppe,food_dining,43.77,Jessica,Terry,F,6412 Elizabeth Gardens Suite 633,Maysville,KY,41056,38.6207,-83.8067,14228,Advertising account executive,26/03/1971,867f72a794f8164740b5fd9ebcf95d2d,1376168263,37.966237,-83.786991
348222,02/11/2020 16:44,577589000000.0,fraud_Jacobi and Sons,shopping_pos,148.01,James,Strickland,M,25454 Leonard Lake,Spring Church,PA,15686,40.6153,-79.4545,972,Public relations account executive,23/10/1997,8c657f02fe2a7a4e97c246fa8a719c38,1383410677,40.998086,-79.461764
513427,22/12/2020 08:29,36721400000000.0,fraud_Corwin-Collins,gas_transport,63.57,Cesar,Smith,M,901 Ariel Points,Jefferson,NY,12093,42.4999,-74.6117,1666,Diagnostic radiographer,01/07/1968,38006e1d41273159916fcb3d657e0ce0,1387700956,43.03918,-74.090115
38956,05/07/2020 03:13,4727240000000000.0,fraud_Bernhard Inc,gas_transport,57.87,Mary,Lewis,F,118 Justin Extension,Bay Minette,AL,36507,30.8635,-87.7644,19090,Science writer,30/05/1929,bc007f17d515773de2366fc3781da357,1372994027,30.90262,-88.680892
283108,05/10/2020 06:04,6592070000000000.0,"fraud_Johnston, Nikolaus and Maggio",grocery_net,66.97,Amanda,Molina,F,8425 Daniel Knolls Suite 288,Philadelphia,PA,19154,40.0897,-74.9781,1526206,Commercial horticulturist,23/05/1972,d3cc9c365bf2f12376ce53fbc244560d,1380953064,39.20194,-74.780147
134812,07/08/2020 15:37,4.7614e+18,"fraud_Goyette, Howell and Collier",shopping_pos,4.62,Diana,Jacobs,F,69608 Perez Mountain Apt. 006,Viola,AR,72583,36.3924,-91.9932,1679,Psychiatric nurse,02/05/1986,55c60846b62d16301fdf5f657f27e05e,1375889871,35.54858,-91.872616
162788,17/08/2020 12:28,377234000000000.0,"fraud_Pouros, Walker and Spencer",kids_pets,31.75,Theresa,Blackwell,F,43576 Kristina Islands,Shenandoah Junction,WV,25442,39.3716,-77.8229,1925,Systems developer,14/02/1966,41b316edbfb276d52d811719081ddc61,1376742488,40.229449,-78.160178
381220,16/11/2020 22:50,213153000000000.0,fraud_Christiansen-Gusikowski,misc_pos,9.72,Rebecca,Conley,F,181 Moreno Light Apt. 215,Tomahawk,WI,54487,45.4963,-89.7273,9594,Seismic interpreter,23/11/1997,c89e9dd4e599bb139882c5f9e1772f91,1384642230,46.258764,-89.183524
107193,28/07/2020 10:10,348790000000000.0,fraud_Kihn Inc,shopping_pos,7.19,Megan,Murphy,F,53696 Laura Radial,Holstein,NE,68950,40.4542,-98.6538,331,Telecommunications researcher,19/08/1950,3b06d6ba136fd17374f4cc6cbe77c4cd,1375006229,41.445074,-99.11656
361696,08/11/2020 21:03,3573030000000000.0,fraud_Ebert-Daugherty,travel,4.41,Joanne,Williams,F,3638 Marsh Union,Altonah,UT,84002,40.3207,-110.436,302,"Sales professional, IT",17/01/1990,8256f7bbe9b5a2b203d2be7bce26efe3,1383944627,39.9803,-110.671065
147488,11/08/2020 13:23,30235000000000.0,"fraud_Hintz, Bauch and Smith",health_fitness,25.45,Matthew,Lambert,M,7188 Melissa Crest Apt. 151,New Holstein,WI,53061,43.9446,-88.0911,5196,Child psychotherapist,22/01/1978,a63599dae47d63e424c8c855b74b8562,1376227404,44.729018,-89.021831
108969,28/07/2020 19:58,4922710000000000.0,fraud_Turner LLC,travel,2.71,Heather,Chase,F,6888 Hicks Stream Suite 954,Manor,PA,15665,40.3359,-79.6607,1472,Public affairs consultant,07/03/1941,dc24269d05534b8d24643f0803a51722,1375041512,39.834305,-80.638541
513110,22/12/2020 06:57,6593250000000000.0,fraud_Koepp-Witting,grocery_pos,174.91,Melissa,Meza,F,244 Abbott Parkway,Loxahatchee,FL,33470,26.7383,-80.276,26551,Paramedic,04/01/1977,6e8aec01ec209647cc49a4409a826ae6,1387695424,26.190985,-79.475363
331004,26/10/2020 06:48,4671730000000000.0,"fraud_Rippin, Kub and Mann",misc_net,121.49,Kenneth,Edwards,M,3653 Ryan Crossroad,Andrews,IN,46702,40.8618,-85.6067,2304,Retail banker,25/07/1955,02534303f5c2f4e8b0958780c3589d22,1382770097,40.14655,-85.192101
537534,28/12/2020 03:31,30446000000000.0,fraud_Hintz-Bruen,grocery_net,61.36,Felicia,Thomas,F,47035 Murray Harbors,Achille,OK,74720,33.8396,-96.3648,608,Seismic interpreter,27/05/1993,a86d14b5c9b3913d0d9313ca19c3cc3e,1388201489,33.774015,-95.566609
10,21/06/2020 12:16,2242540000000000.0,"fraud_Feil, Hilpert and Koss",food_dining,7.01,Samuel,Jenkins,M,43235 Mckenzie Views Apt. 837,Westport,KY,40077,38.4921,-85.4524,564,Pensions consultant,10/04/1996,3b8e4d02d9e1a3bf97cf449eb0317f2c,1371816980,38.977546,-84.727994
471856,13/12/2020 18:12,30561200000000.0,"fraud_Schuppe, Nolan and Hoeger",shopping_pos,6.26,Gina,Morrison,F,41851 Victor Drives Suite 219,Allentown,PA,18103,40.5891,-75.4645,166081,"Scientist, research (maths)",01/10/1998,4b566a3acd8dd4519c462777a03636b5,1386958341,40.31787,-76.42892
44234,06/07/2020 14:45,2233880000000000.0,"fraud_Turner, Ziemann and Lehner",food_dining,4.81,Jamie,Robinson,F,67089 Caitlin Meadow Apt. 905,Sturgis,MS,39769,33.357,-89.0473,1923,Medical physicist,16/01/1960,f4a721a704b6eeb68e068f22e90151c8,1373121923,33.649396,-88.316088
50468,08/07/2020 06:29,6011890000000000.0,fraud_Smith-Stokes,misc_pos,19.38,Erin,Chavez,F,3379 Williams Common,Littleton,CO,80120,39.5994,-105.0044,320420,Water engineer,31/07/1975,8cfa2c41a1df74bb8618d41c99cddf40,1373264993,38.737486,-105.57755
15854,26/06/2020 20:32,6538440000000000.0,"fraud_Boehm, Block and Jakubowski",misc_pos,148.66,Gina,Grimes,F,444 Robert Mews,Clarks Mills,PA,16114,41.3851,-80.1752,606,Energy manager,22/09/1997,d4d570ee3a8305dfbd684303a63aea1f,1372278741,41.226616,-80.876764
153212,13/08/2020 21:52,6550400000000000.0,"fraud_Durgan, Gislason and Spencer",home,7.05,Harry,Mckee,M,95351 Sullivan Viaduct Apt. 239,Port Charlotte,FL,33981,26.9379,-82.2388,79008,Quantity surveyor,31/08/1984,1f613f89e21a78a10e7609da1e277dca,1376430746,27.913842,-82.363757
42716,06/07/2020 05:02,6538440000000000.0,fraud_Dach-Borer,grocery_net,6.32,Gina,Grimes,F,444 Robert Mews,Clarks Mills,PA,16114,41.3851,-80.1752,606,Energy manager,22/09/1997,2bd620cdffdd2875575eb92feaaada12,1373086940,40.502862,-80.061813
464029,11/12/2020 21:58,4.71574e+18,fraud_Berge-Ullrich,home,89.46,Robert,Drake,M,463 Willie Estates,Burbank,OK,74633,36.6966,-96.7869,471,Sub,30/03/1941,066cd6e9a47c2c2fd6be56507b7fa15f,1386799082,36.097758,-96.411193
712,21/06/2020 16:15,4562830000000.0,fraud_O'Keefe-Wisoky,food_dining,48.39,Christopher,Johnson,M,28711 Kristine Junction Suite 309,Greenville,OH,45331,40.0987,-84.6342,22930,Media planner,26/11/1971,2f353a5655cd42d55510f25582872343,1371831327,39.353391,-85.477974
497786,19/12/2020 13:04,3577790000000000.0,fraud_Donnelly LLC,entertainment,58.98,Mary,Humphrey,F,9853 Flynn Hollow Apt. 602,Reynolds,ND,58275,47.7068,-97.2092,733,Visual merchandiser,12/11/1994,be3d791ce72c0e67bc53d1af43ad8d63,1387458279,47.600354,-98.159022
405520,28/11/2020 05:46,180040000000000.0,fraud_Schuppe LLC,entertainment,13.53,Mary,Schmidt,F,022 Moore Island,New York City,NY,10162,40.7699,-73.9511,1577385,Audiological scientist,29/12/1957,bf0d03f6978319ee438e2f756ca25dbe,1385617593,40.903622,-73.943249
497252,19/12/2020 09:03,3573030000000000.0,fraud_Welch Inc,misc_net,16.63,Joanne,Williams,F,3638 Marsh Union,Altonah,UT,84002,40.3207,-110.436,302,"Sales professional, IT",17/01/1990,be9f3ae93cfc97dd370247b09d3c74e2,1387443833,39.92989,-111.006854
455272,09/12/2020 11:04,30501600000000.0,"fraud_Bernier, Streich and Jewess",grocery_net,33.0,Amanda,Smith,F,180 Graves Shore,Scotia,SC,29939,32.6786,-81.2455,302,Magazine features editor,04/05/1973,ca83fa72942d38ee4a06127c0c8f2013,1386587061,33.420321,-80.728223
80886,19/07/2020 17:40,3593120000000000.0,fraud_Little Ltd,kids_pets,12.08,Laura,Casey,F,6114 Moran Way,Steuben,ME,4680,44.4971,-67.9503,1131,Make,10/05/1959,76971a04a1588460a4c43e43388938cb,1374255630,44.832646,-66.978745
298161,11/10/2020 22:31,3561210000000000.0,fraud_Kris-Padberg,shopping_pos,29.47,Jose,Campbell,M,550 Cunningham Squares,Dadeville,AL,36853,32.8224,-85.7704,8269,Minerals surveyor,04/01/1977,000de428109c7b3f24e17d68e2069807,1381530669,32.531293,-86.302895
268361,28/09/2020 16:11,4103160000000.0,"fraud_Bahringer, Bergnaum and Quitzon",home,83.85,Christopher,Adkins,M,3512 Knight Center,Lorenzo,TX,79343,33.6666,-101.5277,1571,Petroleum engineer,27/06/1982,b492e7532e6340842734301c929a5a9f,1380384697,32.807736,-100.767723
519,21/06/2020 15:09,30270400000000.0,fraud_Macejkovic-Lesch,shopping_pos,3.09,Lisa,Lin,F,908 Brooks Brook,Lomax,IL,61454,40.6761,-91.0391,725,Environmental consultant,28/11/1972,b8565ce8834eb042e86a0263a7dae4f1,1371827341,41.143338,-90.502649
8262,23/06/2020 15:22,375237000000000.0,"fraud_Kling, Howe and Schneider",home,12.59,David,Erickson,M,616 Jimenez Meadow Apt. 701,East Rochester,NY,14445,43.1128,-77.4906,8019,Retail buyer,26/06/1928,bda1ff443a83a6616e3b71b9b5e346a0,1372000928,43.414026,-77.384915
